test,test,test
test,test,test
test,test,test
test,test,test
test,test,test
test,test,test
test,test,test
test,test,test
test,test,test
test,test,test
test,test,test
test,test,test
test,test,test
test,test,test
test,test,test
test,test,test
test,test,test
test,test,test
test,test,test
test,test,test
test,test,test
test,test,test
test,test,test
test,test,test
test,test,test
test,test,test
test,test,test
test,test,test
test,test,test
test,test,test
test,test,test
test,test,test
test,test,test
test,test,test
test,test,test
test,test,test
test,test,test
test,test,test
test,test,test
test,test,test
vtest,test,test
test,test,test
test,test,test
test,test,test
,test,test
test,test,test
test,test,test
test,test,test
test,test,test
,test,test
test,test,test
test,test,test
test,test,test
test,test,test
test,test,test
test,test,test
test,test,test
test,test,test
test,test,test
test,test,test
test,test,test
test,test,test
test,test,test
test,test,test
test,test,test
test,test,test
test,test,test
test,test,test
test,test,test
test,test,test
test,test,test
test,test,test
test,test,test
test,test,test
